{
  "modes": {
    "AOO": {
      "mode": "AOO",
      "lower_rate_limit": 60.0,
      "upper_rate_limit": 120.0,
      "max_sensor_rate": 120.0,
      "atrial_amplitude": 3.5,
      "atrial_pulse_width": 1.0,
      "ventricular_amplitude": 3.5,
      "ventricular_pulse_width": 1.0,
      "arp": 250.0,
      "vrp": 320.0,
      "hysteresis_time_ms": 0.0,
      "av_delay_ms": 0.0,
      "reaction_time": 30.0,
      "recovery_time": 5.0,
      "response_factor": 8.0,
      "extra": {}
    }
  }
}